pre_context,post_context,prefix,suffix,newspaper_id
Wünsche für mehr,Folge 18 :,,schutz,1
Wünsche für mehr,Endlich wirksame Maßnahmen,,schutz,1
die Wirtschaft zum,zwingen: So stellen,,schutz,1
sich eine gute,vor. Von Mona,,politik,1
"2025 Demokratie schützen,",bekämpfen und mehr,,wandel,1
seine selbst gesteckten,erreichen. 63 Merkliste,,ziele,1
mehr Mobilität Gesellschaft,Rechtsextremismus Unwetter Glatteis:,,wandel,1
Amend Merkliste Wissen,Universum Geschichte Schlafwandeln,,wandel,1
Bundeswehr Energie &,Digitalisierung & KI,,,4
Wissen zurückscrollen Psyche,Natur Weltall Hochschule,,wandel,4
Weniger Geld für,– Lösung für,,schutz,4
genossenschaft epaper login,AfD Krieg in,,,5
wohl Elon Musk.,im Wahlkampf Gegenwind,,,5
Gegenwind für den,2045 will Deutschland,,schutz,5
2045 will Deutschland,"sein, fünf Jahre",,neutral,5
Von Jonas Waack,Die taz-Themenwoche zur,,,5
taugt. Woran man,und globale Gerechtigkeit,,Erfolge,5
Maurin Folgen des,für Wintersport In,,wandels,5
Von Bernward Janzing,als politisches Nischenthema,,krise,5
politischen Debatten ist,zum Randthema verkommen.,,,5
Nord Wahrheit Themen,AfD Krieg in,,,5
Austritt Die machtvolle,ist am Ende,,Allianz,7
die Weltwirtschaft zur,nötigen. Jahrelang sahen,,Neutralität,7
Austritt Die machtvolle,ist am Ende,,Allianz,7
"Wärmeplanung zusammen, um",zu erreichen. EZ-Weihnachtsspendenaktion,,ziele,9
Restauration beginnt sofort,beschmieren Grab von,,aktivistinnen,10
"Grab umdrehen, behaupten",Diese besprühen daher,,aktivisten,10
wie angenommen das,Menschen rotteten viele,,,10
soll Rätsel der,"lösen ""Geeignete Impfstoffe",,geschichte,10
fordert Verschiebung der,06:07 Sachsen Linke,,schutz,10
"überfordert, Frau Brantner?","ist Menschenschutz“, sagt",„,schutz,11
ohne Blätter: Der,erreicht 2025 auch,,wandel,12
ohne Blätter: Der,erreicht 2025 auch,,wandel,12
Brände und das,Waldbrände fördern Klimawandel,,,14
Klima Waldbrände fördern,– und umgekehrt,,wandel,14
allgemein auf den,haben. kulturticker 08:00,,wandel,14
"Wärmeplanung zusammen, um",zu erreichen. Von,,ziele,16
Lateinamerika Themen Gesundheit,Menschenrechte Migration Innovation,,,24
Bundestagswahl Nahostkonflikt Ukrainekrieg,Politik Ausland Panorama,,krise,25
Zur Merkliste hinzufügen,So warm wird,,prognose,25
Merkliste hinzufügen 2,So warm wird,,prognose,25
Abbey in London:,besprühen Charles Darwins,,aktivisten,25
Menü Wissenschaft aufklappen,Mensch Natur Technik,,krise,25
Crime RESSORTS Gesellschaft,& Nachhaltigkeit Alle,,,29
Startseite Wissen Gesundheit,& Umwelt Forschung,,,30
Steuer auf E-Autos,oder Kässeli –,,,34
Steuer auf E-Autos,oder Kässeli –,,,34
die Zahnpflege umweltfreundlicher,Gibt es noch,,wandel,34
die sich der,stellen. Und gemeinsam,,krise,35
Psychologie Natur Technik,Digital Künstliche Intelligenz,,wandel,36
als «intransparent» 0,besprühen Grab von,,aktivisten,37
die Kings 0,im Strassenverkehr: EU,,ziele,37
Gelesen Kommentiert Innenpolitik,& Co.: FPÃ,,bonus,40
mal gelesen Innenpolitik,& Co.: FPÃ,,bonus,40
Reise Zeitgeist Die,des KURIER Analysen,,seiten,41
"profillos"" geworden Interview","Schellnhuber: ""Das sind",,forscher,41
in Österreich Science,Erwärmung liegt erstmals,,wandel,41
Wald auf den,von Daniela Bachal,,wandel,42
Nachhaltigkeit Nachhaltig leben,& Umwelt Vegetarisch,,,43
& vegan Das,und ich Energie,,,43
0 0 0,& Umwelt Neue,,,43
"vorbei, Fristen für",laufen ab und,,ziele,45
mehr Mobilität Gesellschaft,Rechtsextremismus Unwetter Jeju,,wandel,45
87 Merkliste Wissen,Universum Geschichte Luftverschmutzung,,wandel,45
Bundeswehr Energie &,Digitalisierung & KI,,,48
Wissen zurückscrollen Psyche,Natur Weltall Hochschule,,wandel,48
gäbe es keinen,Am Berliner Stadtrand,,wandel,48
Kann die CDU,Friedrich Merz findet,,schutz,48
spe an der,2045 festhalten. Wie,,neutralität,48
Seifert Hoffnung und,"Was wir meinen,",,krise,49
sich mit dem,"beschäftigt, hat keinen",,,49
New York bittet,zur Kasse Der,,sünder,49
New York will,"an Hitzewellen, Stürme",,anpassung,49
und Alexander Berthold,Hamburg Kostenfreier Vor-Ort-Service:,,schutz,50
offenbart Deutschlands großen,Der Kohleausstieg soll,,schutz,51
sparen und dem,dienen. Doch diese,,,51
der Ukraine-Krieg und,kommen hinzu. Dabei,,wandel,51
Wenn der Panzer,bleibt Ob Ukraine-Hilfe,,schädlich,53
hatte. New Orleans,in den Alpen,,wandel,55
Kommentar Statt ergebnisloser,Was wir aus,,konferenzen,56
wir aus der,dieses Jahres lernen,,politik,56
Wenn der Panzer,bleibt Ob Ukraine-Hilfe,,schädlich,60
Lateinamerika Themen Gesundheit,Menschenrechte Migration Innovation,,,68
überspringen Neueste Sendung,Chinesisches Unternehmen täuscht,,schutz,68
supports HTML5 video,Chinesisches Unternehmen täuscht,,schutz,68
30. Dezember 2024,Wie schützen sich,,extreme,68
"hilft, die Versorgung",zu machen? Natur,,resistent,68
Bundestagswahl Nahostkonflikt Ukrainekrieg,Politik Ausland Panorama,,krise,69
In der Silvesternacht:,entfernen offenbar Verkehrsschilder,,aktivisten,69
Menü Wissenschaft aufklappen,Mensch Natur Technik,,krise,69
Crime RESSORTS Gesellschaft,& Nachhaltigkeit Alle,,,73
Startseite Wissen Gesundheit,& Umwelt Forschung,,,74
Jahres 2024 Herausforderung,Die globale Weinproduktion,,wandel,78
die sich der,stellen. Und gemeinsam,,krise,79
gibt sich neue,– was taugen,,,79
Psychologie Natur Technik,Digital Künstliche Intelligenz,,wandel,80
Reise Zeitgeist Die,des KURIER Analysen,,seiten,85
New York bittet,zur Kasse Wirtschaft,,sünder,85
"Autofahrer CO2-Steuer, NoVA,",Was zu beachten,,ticket,86
"teurer CO2-Steuer, NoVA,",Reise Von Tansania,,ticket,86
Nachhaltigkeit Nachhaltig leben,& Umwelt Vegetarisch,,,87
& vegan Das,und ich Energie,,,87
Elon Musk Wetter,& Umwelt Streaming,,,87
Nachhaltigkeit 0 0,& Umwelt Griechenland-Tourismus,,,87
vor dem Aus?,bedroht Land und,,krise,87
Trappe 0 0,& Umwelt Erst,,,87
SchülerInnen ZEIT für,ZEIT Studio Podcasts,,,89
gewünscht. 238 Kommentare,Plädoyer für koordinierte,,wandel,90
Mittel gegen den,ins Gespräch gebracht.,,wandel,90
KI Energie &,Gesundheit & E-Health,,,92
KI Energie &,Gesundheit & E-Health,,,92
"""Wir müssen die",endlich als Krise,,krise,92
"""Wir müssen die",endlich als Krise,,krise,92
gut für den,Der aber steckt,,schutz,93
Parks wegen der,Zurück zur Natur,,krise,93
Friedrichshain für den,fit gemacht. Andreas,,wandel,93
Politik perfektioniert. Das,ist sein Thema,,,93
klagen. Konferenz zur,Indien geht auf,,neutralität,93
Konfrontationskurs Die internationale,kommt immer wieder,,diplomatie,93
Freund*innen der taz.,Fridays For Future,,wandel,93
Eisschmelze Konferenz zur,Indien geht auf,,neutralität,93
Konfrontationskurs Die internationale,kommt immer wieder,,diplomatie,93
Schwarz taz-Streitgespräch zur,„Bei uns wird,dena,studie,93
bei einer wichtigen,"mitreden darf, hat",,studie,93
Was geht vor:,oder Mieterinteresse? Hamburg,,schutz,94
Konferenz „Wasser und,in Leipzig dfi,,wandel,95
Grün Vor dem,schnell noch Bäume,,stress,98
pflanzen Der rasante,verspricht nichts Gutes,,wandel,98
Moderna verabreicht werden.,So wird der,,schutz,98
Alltag nachhaltiger Der,bereitet vielen Menschen,,wandel,98
Kamera aus fürs,Videokonferenzen und Streaming,,,100
"rund um Nachhaltigkeit,",und Energiewende. Mehr…,,,100
Turbolader Test 31.03.2021,fahren und mehr:,,freundlicher,104
Grün Vor dem,schnell noch Bäume,,stress,109
pflanzen Der rasante,verspricht nichts Gutes,,wandel,109
Moderna verabreicht werden.,So wird der,,schutz,109
Alltag nachhaltiger Der,bereitet vielen Menschen,,wandel,109
Rechte Desinformation Österreichs,stellt Klimaleugner frei,,ministerium,111
Österreichs Klimaministerium stellt,frei Dass ein,,leugner,111
Pressereferent im österreichischen,"arbeitet, aber zugleich",,schutzministerium,111
diesen Artikel: Österreichs,stellt Klimaleugner frei,,ministerium,111
Österreichs Klimaministerium stellt,frei weiterlesen Alexander,,leugner,111
Servatius Auswertung von,vor acht“ Was,„,,113
"„sehr, sehr viel",versteht Eine Initiative,,Berichterstattung,113
regelmäßige und umfangreiche,– zum Beispiel,,berichterstattung,113
"kurzen, täglichen Sendung",vor acht“ vor,„,,113
SPIEGEL+ Magazine Coronavirus,Politik Ausland Panorama,,krise,118
Menü Wissenschaft aufklappen,Mensch Natur Technik,,krise,118
SPIEGEL+ Deutschlands unbekannter,Sein Name ist,,killer,118
"ist unaussprechlich, die",tausendfach stärker als,,wirkung,118
ohne in der,aufzutauchen. Der Schaden,,bilanz,118
Stokowski Sascha Lobo,alle Beiträge Klimawandel,,krise,118
Klimakrise alle Beiträge,in Japan Früheste,,wandel,118
812. Nach ARD-Zurückhaltung,vor acht spricht,,,118
»Tagesschau« über das,statt über die,,,118
Zunächst ist ein,"geplant, mehr soll",»,Update,118
soll folgen. Der,- Daten zur,,bericht,118
der Welt den,für sich entdeckt,,schutz,121
Zeit Konzerne zum,Was ist los,,schutz,121
Versicherung Immobilien Job,& Nachhaltigkeit Produkte,,,122
146 Bilder 01.04.2021,und Nachhaltigkeit Nachhaltiges,,,122
achten sollten 31.03.2021,"vor acht"" Nach","""",,122
Konzept der Initiative,"vor acht"" und","""",,122
Notbremse gegen den,einfach die Sonne,,wandel,122
Porträt Wirtschaftsweise Grimm,drückt aufs Tempo,,ökonomin,123
KKK im Rems-Murr-Kreis,Wohnungsnot Tiny House,,krise,124
100 Sekunden Mieses,Die Woche Newsletter,,,124
KKK im Rems-Murr-Kreis,Wohnungsnot Tiny House,,krise,124
100 Sekunden Mieses,Die Woche Newsletter,,,124
Antriebe sollen Autos,machen. Doch sie,,freundlicher,127
Alpen Nachhaltigkeit und,Nachhaltigkeit und Klimaschutz,,schutz,129
Klimaschutz Nachhaltigkeit und,Ausstellung Klimawandel Klimaschutz,,schutz,129
und Klimaschutz Ausstellung,Klimaschutz Bergsport &,,wandel,129
Klimaschutz Ausstellung Klimawandel,Bergsport & Klimaschutz,,schutz,129
Klimaschutz Bergsport &,Mach's einfach Mobilität,,schutz,129
Arten an neue,gewöhnen und nicht,,bedingungen,129
"Gletscher, Naturgefahren und",Interview mit dem,,wandel,129
Interview mit dem,Tobias Hipp Mehr,DAV,experten,129
Alpenverein gesprochen. Der,ist studierter Physischer,,experte,129
die Auswirkungen des,auf den alpinen,,wandels,129
a. Letzte Generation:,starten bundesweite Blockadeaktionen,,aktivisten,130
Letzte Generation :,starten bundesweite Blockadeaktionen,,aktivisten,130
er ohne die,gewesen wäre –,,krise,130
USA ist der,immer stärker zu,,wandel,130
Meistgelesen Letzte Generation:,kündigen bundesweite Proteste,,aktivisten,130
Letzte Generation :,kündigen bundesweite Proteste,,aktivisten,130
kritisiert Flughafenblockaden durch,Letzte Generation :,,aktivisten,130
kritisiert Flughafenblockaden durch,Leser 70.673 Aufrufe,,aktivisten,130
kritisiert Flughafenblockaden durch,Letzte Generation :,,aktivisten,130
kritisiert Flughafenblockaden durch,Kommentare 1.256 Kommentare,,aktivisten,130
Meistkommentiert Letzte Generation:,kündigen bundesweite Proteste,,aktivisten,130
Letzte Generation :,kündigen bundesweite Proteste,,aktivisten,130
kritisiert Flughafenblockaden durch,Letzte Generation :,,aktivisten,130
kritisiert Flughafenblockaden durch,Kommentare 1.256 Kommentare,,aktivisten,130
kritisiert Flughafenblockaden durch,Letzte Generation :,,aktivisten,130
kritisiert Flughafenblockaden durch,Leser 70.673 Aufrufe,,aktivisten,130
abonnieren: Letzte Generation:,kündigen bundesweite Proteste,,aktivisten,130
Letzte Generation :,kündigen bundesweite Proteste,,aktivisten,130
Julia Lorenz Video,Umweltministerin Steffi Lemke,,anpassungsgesetz,130
an Folgen des,Klimaanpassungsgesetz : Umweltministerin,,wandels,130
Folgen des Klimawandels,: Umweltministerin Steffi,,anpassungsgesetz,130
an Folgen des,Video Lemke will,,wandels,130
der Folgen des,entwickeln. Es gebe,,wandels,130
für Opfer des,Flutkatastrophe : EU,,wandels,130
für Opfer des,Knapp 200 Menschen,,wandels,130
Bewusstsein für die,schaffen. Klimawandel: US-Klimabehörde,,krise,130
die Klimakrise schaffen.,US-Klimabehörde misst drittwärmste,,wandel,130
Klimakrise schaffen. Klimawandel:,misst drittwärmste erste,US,behörde,130
erste Jahreshälfte weltweit,: US-Klimabehörde misst,,wandel,130
weltweit Klimawandel :,misst drittwärmste erste,US,behörde,130
womöglich mit dem,zusammen. Risotto –,,wandel,130
Demonstration : Maskierte,blockieren Straßen dpa,,aktivisten,130
die Erforschung des,verbessern. 5 MIT,,wandels,131
Mac & i,: Verkehrsminister Wissing,,politik,131
setzt vielmehr auf,"Antriebe, ""bei denen",,neutrale,131
die Erforschung des,verbessern. 07:02 Uhr,,wandels,131
bis 2030 vollkommen,sein. Dieser Plan,,neutral,131
leiten Energie und,– kompakt: Japans,,,131
das Treiben der,per Verbot zu,,Aktivisten,133
stoppen. „Schaden dem,massiv“ : Habeck,,schutz,133
: Habeck kritisiert,nach Blockade des,,aktivisten,133
„Letzten Generation“ :,blockieren vor Sommerpause,,aktivisten,133
119 Rettungseinsätze von,behindert + Die,,schützern,133
behindert + Die,in Berlin im,,proteste,133
Newsblog. Gerichtsbeschluss zu,in Berlin :,,blockaden,133
Plus Wie der,krank macht :,,wandel,133
zur „Letzten Generation“,blockieren vor Sommerpause,,aktivisten,133
inkl. unserer exklusiven,– zum Supersonderpreis,,sabotage,134
Diana Kinnert über,Zukunft und Marktwirtschaft,,schutz,134
keine Feinde des,sein. Reportage und,,Aktivismus,134
ihrer Bedeutung fürs,Anton Benz EU-Subventionen,,,134
das mit der,klarkommt. Die EU-Kommission,,krise,134
Hartmann Ampel beschließt,Was Merkel-Kabinette versäumten,,anpassungs,134
an das neue,holt die Ampelkoalition,,,134
Anpassung an den,Deutschland fit für,,wandel,134
Vorsorge für den,verpflichten. Das Ziel:,,wandel,134
Externen Inhalt erlauben,als Podcast –,,news,134
jede Woche neu,update° – die,,,134
– die wichtigsten,der Woche Klimawandel,,Nachrichten,134
Klima-Nachrichten der Woche,Fridays For Future,,wandel,134
Anpassung an den,Deutschland fit für,,wandel,134
Vorsorge für den,verpflichten. Das Ziel:,,wandel,134
inkl. unserer exklusiven,– zum Supersonderpreis,,sabotage,134
Zuhören Kleberin fürs,Carla Hinrichs über,,,134
Hinrichs über das,Protest und Richter,,,134
zwei Wahlen. taz-Podcast,update°“ Die Klima-News,„,,134
„klima update°“ Die,der Woche 2022,,News,134
Länder sollen nach,Schuldenpausen bekommen. Katharina,,katastrophen,134
inkl. unserer exklusiven,– zum Supersonderpreis,,sabotage,134
zahl ich .,Das Abo. 6,,sabotage,134
neue Gesetze zum,"zu kippen, zu",,schutz,134
Diese Saboteure des,stammen aus der,,schutzes,134
bis zur nächsten,COP28 in Dubai,,konferenz,134
Sie jetzt unser,taz Themen Politik,,sabotage,134
verpasst Konzert wegen,4. Dithmarschen Frauen,,Blockade,135
Meinung Leitartikel Die,müssen endlich gestoppt,„,Kleber,135
verpasst Konzert wegen,Die Blockade der,,Blockade,135
warten auf US-Bankberichte,09:30 Bundesweite Klima-Aktionen,,krise,135
Klimakrise 09:30 Bundesweite,geplant - Proteste,,Aktionen,135
unklar Demonstration 09:05,kleben sich in,,aktivisten,135
Kommunen kaum auf,vorbereitet Umwelt 09:01,,krise,135
mehr… mehr Wissen,"US-Behörde: Wärmster Juni,",,krise,135
Mit Sorge blicken,auf das Jahr,,wissenschaftler,135
müssen Sie wissen,am Flughafen: Welche,,proteste,135
"hebt ab, weil",den Flugverkehr stören.,,aktivisten,135
Nato-Beitritt der Ukraine,„Letzte Generation“ startet,,aktivisten,136
Ressort : Deutschland,„Letzte Generation“ startet,,aktivisten,136
Leipzig und Braunschweig,der „Letzten Generation“,,aktivisten,136
„Letzten Generation“ Die,der „Letzten Generation“,,aktivisten,136
Mit Blockaden von,ist trotzdem zu,,Aktivisten,136
Flughäfen „Wenn es,"da rein schaffen,",,Chaoten,136
Artikel enthält Videos,„Letzte Generation“ blockiert,,proteste,136
„Schaden dem Anliegen,massiv“ – Habeck,,schutz,136
Ressort : Wissenschaft,Wie eine gerechte,,schutz,136
Kampf gegen die,gelten CO2-Steuern als,,krise,136
die Natur und,schont. Axel Bojanowski,,,136
: Einzigartiger Planet,Sie führt eine,,FORSCHUNG,136
neue Erkenntnisse zum,liefern. Dafür bekam,,wandel,136
"Bedrohung von außen,",im Inneren: Unsere,,Proteste,136
Menschen für ihren,zu gewinnen. Und,,kurs,136
Brandmann Weltplus Artikel,und Integration Nichts,,,136
kein Leugner des,"sein, um viele",,wandels,136
09:54 Newsticker Maskierte,blockieren Straßen 09:52,,aktivisten,136
unterstützen Pläne für,im Gewerbegebiet Neue,,neutralität,138
für Bestürzung sorgt.,Bundesweite Klima-Aktionen geplant,,krise,138
sorgt. Klimakrise Bundesweite,geplant - Proteste,,Aktionen,138
Die Polizei ermittelt.,"US-Behörde: Wärmster Juni,",,krise,138
Mit Sorge blicken,auf das Jahr,,wissenschaftler,138
Degerlocher Büro-Skeletten 09:30,Bundesweite Klima-Aktionen geplant,,krise,138
09:30 Klimakrise Bundesweite,geplant - Proteste,,Aktionen,138
"rund um Nachhaltigkeit,",und Energiewende Mehr…,,,140
Putin offen. Mehr…,Turbinen-Hersteller wollen Gaskraftwerke,,neutralität,140
Kommunen über eine,"Wärmequelle für Immobilien,",,freundliche,140
gilt dabei als,Standardlösung. Wir helfen,,neutrale,140
Und das gigantische,Das verrät sie,US,paket,140
"tummeln, um für",Behaglichkeit in der,,freundliche,141
geschützt Wie konnten,zwei Flughäfen lahmlegen?,,aktivisten,141
10:00 Sachsen Maskierte,blockieren Straßen 09:57,,aktivisten,141
Niedersachsen & Bremen,kleben sich in,,aktivisten,141
Kommunen kaum auf,vorbereitet 09:08 Hamburg,,krise,141
Content Briefpost und,Wie mit hybrider,,schutz,143
CO₂-Ausstoss des Menschen,kühlt die obere,,erwärmung,145
obere Atmosphäre ab,haben den Einfluss,,forschende,145
Menschen auf das,nachgewiesen. Die obere,,system,145
Flamenco und Porno,kühlt die obere,,erwärmung,145
Wohl Folge des,Ozeane verfärben sich,,wandels,145
"vermuten, dass der",die Farbe der,,wandel,145
machen ernst mit,Pendeln Das baden-württembergische,,freundlichem,148
Degerlocher Büro-Skeletten 09:30,Bundesweite Klima-Aktionen geplant,,krise,148
09:30 Klimakrise Bundesweite,geplant - Proteste,,Aktionen,148
offizielle Pressetelefon der,abgehört. Davon waren,,Protestgruppe,150
: FDP will,bei Rechenzentren verwässern,,schutz,150
auch Umwelt- und,bei Rechenzentren. Dabei,,Auflagen,150
Artikel: FDP will,bei Rechenzentren verwässern,,schutz,150
"Programmvorschau auf Menschenrechte,",und Cash Am,,,150
"Programmvorschau auf Menschenrechte,",und Cash weiterlesen,,,150
Lateinamerika Themen Gesundheit,Menschenrechte Migration Innovation,,,156
Überschwemmungen. Durch den,nehmen die Regenfälle,,wandel,156
in der Ukraine,Politik Ausland Panorama,,krise,157
Vor 30 Min,Das ist keine,,politik,157
Menü Wissenschaft aufklappen,Mensch Natur Technik,,krise,157
Zur Merkliste hinzufügen,Das ist keine,,politik,157
ihre Politik die,nicht erfüllt. Damit,,ziele,157
hinzufügen Aufstand gegen,Der gescheiterte Kulturkampf,EU,schutz,157
hinzufügen Letzte Generation,blockieren Flughäfen in,,aktivisten,160
stern PLUS Gesellschaft,& Nachhaltigkeit Alle,,,161
den Kriminalfällen 13.09.2019,& Nachhaltigkeit Interview,,,161
Düsseldorf Ferienflieger lahmgelegt:,kleben sich auf,,aktivisten,161
Uhr Demonstration: Maskierte,blockieren Straßen 14.07.2023,,aktivisten,161
Startseite Startseite Ukraine,Inland Ausland Wirtschaft,,,162
Startseite Wissen Gesundheit,& Umwelt Forschung,,,162
"Information ""Letzte Generation""",starten bundesweite Proteste,,aktivisten,162
und Düsseldorf haben,"der ""Letzten Generation""",,aktivisten,162
"Notwendigkeit heraus"" 11KM",trotz Ermittlungen ardaudiothek,,aktivismus,162
"krebserregend"" ""Letzte Generation""",starten bundesweite Proteste,,aktivisten,162
Andre Kartschall. mehr,an Flughäfen Faeser,,proteste,162
Gemeinsam gegen die,Vorhersage Hitze in,,krise,162
Wissen Forschung zu,Wie wirken die,,protest,162
Kartoffelbrei-Aktionen im Museum:,polarisiert. Wie wirken,,aktivismus,162
"helfen sie, die",zu erreichen? Von,,ziele,162
Bereit für den,Die vergangenen Tage,,wandel,162
Temperaturaufzeichnungen - und,werden häufiger. Wie,,extreme,162
podcast 11KM Moore:,oder Hoffnungsträger? Zum,,killer,162
oder Hoffnungsträger? Zum,sollen Moore wieder,,schutz,162
das Dilemma zwischen,und Landwirtschaft. mehr,,schutz,162
so? Deutschland Bundesweite,geplant - Proteste,,Aktionen,163
eröffnet wird Waiblingen,am Staufer-Gymnasium: Vier,,schutz,163
Nationalfeiertag Deutschland Bundesweite,geplant - Proteste,,Aktionen,163
Und das gigantische,Das verrät sie,US,paket,166
einer Kaufempfehlung gewinnt.,Bundesweite Klima-Aktionen geplant,,,166
gewinnt. Klima Bundesweite,geplant - Proteste,,Aktionen,166
Düsseldorf lösten die,Alarm aus –,,kleber,166
für sein erstes,Werk mit Elektroofen,,neutrales,166
Wald Natur &,Natur & Klima,,,168
Klima Natur &,News Projekte &,,,168
Alpen Wir fürs,Wir fürs Klima,,,168
Klima Wir fürs,Klimaschutz im DAV,,,168
Wir fürs Klima,im DAV Alpen,,schutz,168
DAV Alpen &,Mach's einfach Klimalehrpfad,,schutz,168
Klimaschutz Mach's einfach,Mobilität Alpine Raumordnung,,lehrpfad,168
im Zeichen des,Bergpodcast Folge 45,,wandels,168
erfahren Mehr Staufenüberschreitung,"Video ""Sommer meines",,freundlich,168
Cristina Spanò Die,ist hier. Die,,krise,171
Was tun? Das,der Republik ist,,labor,171
Journalismus in der,wirklich weiter? Zum,,krise,171
wirklich weiter? Zum,Wir sind Ihr,,labor,171
Psychologie Natur Technik,Digital Panorama Leute,,wandel,172
und Stürme –,plagt USA Angesichts,,wandel,172
«Ich scheiss aufs,– diese YouTube-Doku,,,173
«Ich scheiss aufs,– diese YouTube-Doku,,,173
«Ich scheiss aufs,– diese YouTube-Doku,,,173
«Ich scheiss aufs,– diese YouTube-Doku,,,173
«Ich scheiss aufs,– diese YouTube-Doku,,,173
«Ich scheiss aufs,– diese YouTube-Doku,,,173
Gewichts-OP Papiere weg,angefahren – Konsequenzen,,kleber,174
Lkw-Fahrer Papiere weg,angefahren – Konsequenzen,,kleber,174
Fabian Lustenberger Mercedes,Wimbledon Tom Cruise,,wandel,174
im Juni stabil,beginnt Aktivisten blockieren,,Freitag,174
Kreisverkehr in Berlin,beginnt Aktivisten blockieren,,Freitag,174
die Schuldenfalle Lifestyle,Klima-Angst: So gehen,,wandel,174
Schuldenfalle Lifestyle Klimawandel,So gehen Sie,,Angst,174
Sie damit um,Klima-Angst: So gehen,,wandel,174
damit um Klimawandel,So gehen Sie,,Angst,174
NÃ¤chster Protestmarsch der,am Ring Beweisfotos,,kleber,176
NÃ¤chster Protestmarsch der,am Ring Vier,,kleber,176
NÃ¤chster Protestmarsch der,am Ring Wien,,kleber,176
NÃ¤chster Protestmarsch der,am Ring Wien,,kleber,176
GrÃ¼ne Weltmeere wegen,"DÃ¼stere FundstÃ¼cke Tote,",,wandel,176
Reisen & Urlaub,"Achtung, Reisende! Streiks",,,176
Politik Innenpolitik Außenpolitik,Iran Weltchronik Chronik,,,177
Politik Innenpolitik Außenpolitik,Iran Weltchronik Chronik,,,177
Steirer zweifelt am,Mit Grafiken von,,wandel,178
Fußball Bundesliga TV,& Umwelt Prominente,,,179
Nachhaltigkeit Nachhaltig leben,& Umwelt Gute,,,179
& vegan Das,und ich Energie,,,179
kompakt Letzte Generation:,blockieren Verkehr in,,aktivisten,179
von Sophia Sichtermann,& Umwelt Letzte,,,179
Rebecca Sawicki Analyse,Wie radikal sind,,Extremismus,179
Link zu Nachhaltigkeit,& Umwelt Flughafen-Blockaden,,,179
Kleidung und Schuhe,& Umwelt Urlaub,,,179
Von Tina Groll,"Herr Lindner, wo",,geld,181
wo bleibt mein,Klimageld : Herr,,geld,181
bleibt mein Klimageld?,": Herr Lindner,",,geld,181
wo bleibt mein,Nach dem Streit,,geld,181
Motivationsschub für den,bitter nötig. Das,,schutz,181
bitter nötig. Das,könnte versöhnen. Leider,,geld,181
den Erwartungen von,zurück. Bundeswirtschaftsminister Robert,,schützern,181
Drösser Podcast abonnieren:,Aber die Chinesen,,schutz,181
Z+ (abopflichtiger Inhalt);,: Aber die,,schutz,181
im Sommer ohne,kühl Sowohl im,,anlage,182
im Sommer ohne,kühl 2 Apple,,anlage,182
Patagonia erst 2040,wird Investmentbanker in,,neutral,184
Verschieben der eigenen,Von Michael Scheppe,,ziele,184
Kampf gegen den,: Patagonia-Gründer gibt,,wandel,184
Patagonia erst 2040,wird „Kleinkarierte Blockade“,,neutral,184
Holz aus der,herausbauen Tagesspiegel Plus,,krise,184
Ministerium für die,Gut so. Aber,,krise,185
das Gesicht der,Mittlerweile scheinen die,,bewegung,185
Mittlerweile scheinen die,ratlos. Wie will,,aktivisten,185
Durstige Zitronenbäume Die,bedroht das einst,,krise,185
Durstige Zitronenbäume Die,bedroht das einst,,krise,185
zum Thema FUTURZWEI,und artenschützendes Wirtschaften,,,185
auf. Manfred Kriener,versus Anti-AKW-Aktivisten Bisschen,,bewegung,185
Bernward Janzing Die,könnte viel von,,bewegung,185
Externen Inhalt erlauben,als Podcast –,,news,185
jede Woche neu,update° – die,,,185
– die wichtigsten,der Woche Klimawandel,,Nachrichten,185
Klima-Nachrichten der Woche,Fridays For Future,,wandel,185
Uhr Gesetz zur,Die Kommunen klimafest,,anpassung,185
Klimaanpassung Die Kommunen,machen Städte und,,fest,185
", 10:57 Uhr",2050 technisch möglich,,neutralität,185
Zuhören Kleberin fürs,Carla Hinrichs über,,,185
Hinrichs über das,Protest und Richter,,,185
taz. Podcasts taz-Podcast,update°“ Die Klima-News,„,,185
„klima update°“ Die,der Woche Fridays,,News,185
häufiger erleben. Der,verschärft die Gesundheitsgefahr,,wandel,187
Artikel enthält Videos,auf Inlandsflug „Als,,forscher,187
Ressort : Wissenschaft,Wetterextreme werden noch,,forscher,187
Seit Langem warnen,"vor Wetterextremen. Hitze,",,forscher,187
: Einzigartiger Planet,Sie führt eine,,FORSCHUNG,187
neue Erkenntnisse zum,liefern. Dafür bekam,,wandel,187
Hofreiter Deutschland und,„Wir haben großen,,schutz,187
Kampf für weltweiten,sieht er Deutschland,,schutz,187
Fabio kritisiert radikale,Es gebe auch,,aktivisten,187
von Gerichten beim,"Und er erklärt,",,schutz,187
zum Jahr 2040,erzeugt werden? Die,,neutral,189
Höchststand. Folgen des,Warum führen Treibhausgase,,wandels,189
Treibhausgase zu Wetterextremen?,warnen schon seit,,forscher,189
Überblick über die,der Erde. Folgen,,Notlage,189
Wetter durch den,Aus den Befürchtungen,,wandel,189
entsprechende Andeutungen. Panorama,Weitere Waldbrände in,,,189
vor Zinsentscheiden 09:24,Weitere Waldbrände in,,,189
ein Kommentar image,und CO2-Abgabe :,,Maut,191
sollen künftig eine,und eine CO2-Abgabe,,Maut,191
Merken Kommentieren image,: Konsumenten bestrafen,,schutz,191
"Unternehmen, denen falsche",vorgeworfen werden. Werbung,,versprechen,191
wer gut wegkommt,: Gluthitze und,,wandel,191
"rund um Nachhaltigkeit,",und Energiewende Mehr…,,,191
große Empörung. Mehr…,Gluthitze und Geisterstädte,,wandel,191
ächzen unter dem,Nun sollen Hitze-Manager,,wandel,191
Unternehmer und ihre,Ein neues Heizungsgesetz,,Innovation,191
Suche nach einer,– Rückkehr nach,,Utopie,191
Ringen um eine,Gesellschaft. Solche Zeiten,,gerechte,191
Zement binden lässt,CO2 auffangen und,,schädliches,191
zuletzt mehr in,"Technik investiert, zeigt",,freundliche,191
gilt dabei als,Standardlösung. Wir helfen,,neutrale,191
leiden unter den,Play Handelsblatt Live,,folgen,191
"Überfischung, Plastik und",akut vom Aussterben,,wandel,192
Meeresbiologin Figgener im,die Lage. Sport,"""",Labor,192
"Atomkrieg, Künstliche Intelligenz,","Artensterben, Pandemien und",,wandel,192
und salziger Der,geht auch am,,wandel,192
Zwei-Grad-Ziel ist möglich,Kampf gegen Erderwärmung,,forscher,192
Jetzt noch günstig?,Mobile Luftkühler-Allrounder gegen,,geräte,192
sind dann mobile,die die Raumtemperatur,,geräte,192
abgepacktem Schweinenackensteak Berlin,in Ulm Aktivistin,,protest,193
Content Briefpost und,Wie mit hybrider,,schutz,194
Anzeige Briefpost und,Wie mit hybrider,,schutz,194
zum Jahr 2040,erzeugt werden? Die,,neutral,199
nicht wegen dem,ausgebrochen! Ereignisse &,,wandel,199
zusammengefasst. Folgen des,Warum führen Treibhausgase,,wandels,199
Treibhausgase zu Wetterextremen?,warnen schon seit,,forscher,199
Überblick über die,der Erde. Rentenniveau,,Notlage,199
dass das globale,aus den Fugen,,,199
zum Vorreiter beim,Entsprechende Label sieht,,schutz,199
vor Zinsentscheiden 09:24,Weitere Waldbrände in,,,199
offizielle Pressetelefon der,abgehört. Davon waren,,Protestgruppe,201
: FDP will,bei Rechenzentren verwässern,,schutz,201
auch Umwelt- und,bei Rechenzentren. Dabei,,Auflagen,201
Artikel: FDP will,bei Rechenzentren verwässern,,schutz,201
"Programmvorschau auf Menschenrechte,",und Cash Am,,,201
"Programmvorschau auf Menschenrechte,",und Cash weiterlesen,,,201
Kolumne Wochenschau (150),"Nepper, Verschlepper, Bauernfänger",,krise,203
politische Kommunikation der,besteht derzeit aus,,krise,203
Lateinamerika Themen Gesundheit,Menschenrechte Migration Innovation,,,207
ganzheitliche Anbaukonzepten ändern.,21.07.2023 21. Juli,,,207
zu schaffen. Der,stellt uns vor,,wandel,207
in der Ukraine,Politik Ausland Panorama,,krise,208
Menü Wissenschaft aufklappen,Mensch Natur Technik,,krise,208
Jahren liegt Hamburg,in Südfrankreich« Warum,,tisch,208
Jahren liegt Hamburg,in Südfrankreich« Warum,,tisch,208
Jahren liegt Hamburg,in Südfrankreich« Meistgelesene,,tisch,208
stern PLUS Gesellschaft,& Nachhaltigkeit Alle,,,212
den Kriminalfällen 13.09.2019,& Nachhaltigkeit Bildband,,,212
Fußzeile Startseite Startseite,Ukraine Inland Ausland,,,213
Startseite Wissen Gesundheit,& Umwelt Forschung,,,213
und Gesundheit Wie,die soziale Ungleichheit,,wandel,213
Ungleichheit verschärft Der,trifft alle Menschen,,wandel,213
Podcast podcast 11KM,"trotz Ermittlungen Razzien,",,aktivismus,213
für sein erstes,Werk mit Elektroofen,,neutrales,217
"Sturm, China der",China will die,,wandel,217
von Frank Doll,Pelletöfen? Heizungen auf,,freundliche,217
"belegen, dass Pelletöfen",sind. Doch das,,freundlich,217
Dauphiné Natur &,Natur & Klima,,,219
Klima Natur &,News Projekte &,,,219
Alpen Wir fürs,Wir fürs Klima,,,219
Klima Wir fürs,Klimaschutz im DAV,,,219
Wir fürs Klima,im DAV Alpen,,schutz,219
DAV Alpen &,Mach's einfach Klimalehrpfad,,schutz,219
Klimaschutz Mach's einfach,Mobilität Alpine Raumordnung,,lehrpfad,219
im Zeichen des,Bergpodcast Folge 45,,wandels,219
erfahren Mehr Staufenüberschreitung,"Video ""Sommer meines",,freundlich,219
Baufirma will mit,Stifte anwerben Konzertabbruch,,kleber,221
Cristina Spanò Die,ist hier. Die,,krise,222
Was tun? Das,der Republik ist,,labor,222
Journalismus in der,wirklich weiter? Zum,,krise,222
wirklich weiter? Zum,Wir sind Ihr,,labor,222
Psychologie Natur Technik,Digital Panorama Leute,,wandel,223
Thunberg muss nach,vor Gericht Die,,protest,223
vor Gericht Die,muss sich am,,aktivistin,223
Gesellschaft & Politik,Griechenland USA Russland,,,224
35 Karikaturen zur,die sogar Roger,,krise,224
Gesellschaft & Politik,Griechenland USA Russland,,,224
âSchalt sie aus!â,- auch fÃ¼r,,anlagen,227
- auch fÃ¼r,Superintegration Porsche beseitigt,,anlagen,227
Reisen & Urlaub,Weniger ist mehr,,,227
Politik Innenpolitik Außenpolitik,Iran Weltchronik Chronik,,,228
Politik Innenpolitik Außenpolitik,Iran Weltchronik Chronik,,,228
Top-News kompakt Fußball,& Umwelt Prominente,,,230
Nachhaltigkeit Nachhaltig leben,& Umwelt Gute,,,230
& vegan Das,und ich Energie,,,230
Link zu Nachhaltigkeit,& Umwelt Nord-,,,230
ZEIT ONLINE Schwerpunkte,Coronavirus Wirecard ZEIT,,,232
Schlagzeilen ZEIT für,ZEIT Studio Podcasts,,,232
mehr Z+ Schwerpunkte,Coronavirus Wirecard ©,,,232
ONLINE Weinbau und,: Die Dämonen,,wandel,232
Hering Video Pariser,": Sind 1,5",,abkommen,232
Images Um katastrophale,"noch abzuwenden, müssen",,folgen,232
Was das Pariser,"verlangt, im Video",,abkommen,232
KI Energie &,Gesundheit & E-Health,,,235
KI Energie &,Gesundheit & E-Health,,,235
sieht Kampf gegen,als Chance für,,wandel,235
"zu Feminismus, Geld,","Miete, Militär und",,,236
Clasen Bilanz des,Einmal tief Luft,,gipfels,236
holen Joe Bidens,wird die CO2-Emissionen,,gipfel,236
contra Umwelt und,Vegan für's Klima?,,,236
Klima Vegan für's,Ernährungswissenschaftler Malte Rubach,,,236
die Probleme von,nach. 3. 5.,,schutz,236
"weiter Braunkohle ab,",hin oder her.,,,236
Ex-Ministers. Finn Mayer-Kuckuk,trifft Luisa Neubauer:,,taz,236
Neubauer: Drei Jahre,in 15 Fragen,,aktivismus,236
Freund*innen der taz.,Fridays For Future,,wandel,236
lassen sich die,kaum erreichen. 22.,,ziele,236
4. 2021 Globaler,Nur noch halb,,gipfel,236
verspricht bei seinem,die Halbierung der,,gipfel,236
2021 Genozidforscher über,und Gewalt „Klimakrise,,,236
Klima und Gewalt,begünstigt Genozide“ Der,„,krise,236
von Tune-Yards Der,ist real Das,,wandel,236
Luisa Neubauer Gewinnt,die Wahl? Zur,,politik,236
"dazu bringen, ernsthafte",anzubieten. Aber wie?,,politik,236
Profiteure von Bidens,und Top-Aktien für,,plan,238
Zschäpitz über die,von US-Präsident Joe,,konferenz,238
Konferenz „Wasser und,in Leipzig dfi,,wandel,239
Drei Erkenntnisse der,im Überblick Alle,,konferenz,244
Kampf gegen die,35 Jahre nach,,krise,244
"rund um Nachhaltigkeit,",und Energiewende. Mehr…,,,244
Thema Kommentar Die,"die Washington anstrebt,",,ziele,244
Statista : Die,der größten CO₂-Emittenten,,ziele,244
Ideen Musk lockt,mit Mega-Preisgeld Themen:,,retter,245
Dofel über Bidens,Skeptiker warnen vor,,gipfel,245
Ideen Musk lockt,mit Mega-Preisgeld Essen,,retter,245
Grüne monieren fehlende,Fußball 21.04.2021 19:54,,außenpolitik,245
fürchtet Gefahren durch,1000 Online-Anträge an,,krise,245
und das politische,in der Schweiz,,,250
wir alle Verlage,"gestellt haben"" Die",,neutral,258
im TV Bestseller,von Frank Schätzing,,Sachbuch,259
SPIEGEL+ Magazine Coronavirus,Politik Ausland Panorama,,krise,262
Menü Wissenschaft aufklappen,Mensch Natur Technik,,krise,262
Auf dem internationalen,kündigte Brasiliens Präsident,,gipfel,262
›Kleinhirnküken‹ heißen« 04:06,der USA: »Was,,politik,262
Panne bei virtuellem,»Ich bin mir,,gipfel,262
Ouassil Thomas Fischer,alle Beiträge Klimakrise,,krise,262
Klimakrise alle Beiträge,alle Beiträge Bidens,,krise,262
Beiträge Bidens großer,Die USA sind,,Coup,262
sind zurück als,Auf seinem Gipfel,,Champion,262
Europäischer Green Deal,in der EU,,schutz,262
von Susanne Götze,Die neue Verwirrung,,krise,262
Stefan Rahmstorf Der,- Daten zur,,bericht,262
Bitcoin-Miner setzen die,wieder in Gang,,killer,265
lahm Politik Virtueller,Joe Biden will,,gipfel,265
Versicherung Immobilien Job,& Nachhaltigkeit Produkte,,,266
149 Bilder 23.04.2021,und Nachhaltigkeit Gutes,,,266
und Nachhaltigkeit Gutes,Zahl steigt Vor,,,266
Kampf gegen die,Wie Joe Biden,,krise,266
Bäumen gegen den,– China setzt,,wandel,266
unendliche Energie ohne,22.04.2021 Humor Til,,folgen,266
Adam. Biden zur,Jobmotor nicht Jobkiller,,politik,267
Kampf gegen den,schafft Jobs -,,wandel,267
KKK im Rems-Murr-Kreis,Wohnungsnot Tiny House,,krise,268
100 Sekunden Mieses,Die Woche Newsletter,,,268
KKK im Rems-Murr-Kreis,Wohnungsnot Tiny House,,krise,268
100 Sekunden Mieses,Die Woche Newsletter,,,268
will die Zustellung,machen. Eine Lösung:,,freundlicher,271
von Beat Balzli,Kann Joe Biden,Online,gipfel,271
Alpen Nachhaltigkeit und,Nachhaltigkeit und Klimaschutz,,schutz,273
Klimaschutz Nachhaltigkeit und,Ausstellung Klimawandel Klimaschutz,,schutz,273
und Klimaschutz Ausstellung,Klimaschutz Bergsport &,,wandel,273
Klimaschutz Ausstellung Klimawandel,Bergsport & Klimaschutz,,schutz,273
Klimaschutz Bergsport &,Mach's einfach Mobilität,,schutz,273
Arten an neue,gewöhnen und nicht,,bedingungen,273
"Gletscher, Naturgefahren und",Interview mit dem,,wandel,273
Interview mit dem,Tobias Hipp Mehr,DAV,experten,273
Alpenverein gesprochen. Der,ist studierter Physischer,,experte,273
die Auswirkungen des,auf den alpinen,,wandels,273
USA für globalen,zahlen. Das ist,,schutz,274
Wünsche für mehr,Folge 18 :,,schutz,274
Wünsche für mehr,Endlich wirksame Maßnahmen,,schutz,274
die Wirtschaft zum,zwingen: So stellen,,schutz,274
sich eine gute,vor. Von Mona,,politik,274
"2025 Demokratie schützen,",bekämpfen und mehr,,wandel,274
"noch?"": Datenanalyse fürs",– und gegen,,,274
: Datenanalyse fürs,– und gegen,,,274
und könnte beim,helfen. Von Petra,,schutz,274
mehr Mobilität Gesellschaft,Rechtsextremismus Klimawandel: Klimakrise,,wandel,274
Gesellschaft Klimawandel Rechtsextremismus,Klimakrise beeinträchtigt laut,,wandel,274
Klimawandel Rechtsextremismus Klimawandel:,beeinträchtigt laut Unicef,,krise,274
in 85 Ländern,: Klimakrise beeinträchtigt,,wandel,274
Ländern Klimawandel :,beeinträchtigt laut Unicef,,krise,274
Sokola Merkliste Wissen,Universum Geschichte Pariser,,wandel,274
Universum Geschichte Pariser,Unternehmer Bloomberg will,,abkommen,274
will Beiträge an,zahlen Pariser Klimaabkommen,UN,sekretariat,274
UN-Klimasekretariat zahlen Pariser,: Unternehmer Bloomberg,,abkommen,274
will Beiträge an,zahlen US-Präsident Donald,UN,sekretariat,274
aus dem Pariser,aussteigen. Milliardär Michael,,abkommen,274
"die Mittelgebirge"" Welches",könnte in Hamburg,,,274
Bundeswehr Energie &,Digitalisierung & KI,,,277
Wissen zurückscrollen Psyche,Natur Weltall Hochschule,,wandel,277
Polarisierter Kampf ums,: Skepsis speist,,,277
aus Überzeugung Die,wird immer polarisierter.,,politik,277
von Bernhard Pötter,Nur ein grünes,,schutz,278
Austritt aus Pariser,Milliardär Bloomberg springt,,abkommen,278
der USA zur,privat stemmen. taz,,finanzierung,278
die Massen und,spielt im Wahlkampf,,,278
Austritt aus Pariser,Milliardär Bloomberg springt,,abkommen,278
Bloomberg will für,aufkommen vor 40,US,zahlungen,279
sich mit der,auftun. Was das,,neutralität,279
38 min Pariser,Milliardär Bloomberg will,,abkommen,279
Bloomberg will für,aufkommen Schutzhaus für,US,zahlungen,279
38 min Pariser,Milliardär Bloomberg will,,abkommen,279
Bloomberg will für,aufkommen Meistgelesene Artikel,US,zahlungen,279
Ausweg aus der,Weißer Wasserstoff -,,krise,283
Ausweg aus der,Weißer Wasserstoff -,,krise,283
werden. Interview Ulm/Stuttgart,in BW :,,wandel,284
BW : Neuer,"zeigt, welche Regionen",,atlas,284
Review Kommentar Trumps,Was auch ohne,,politik,285
Review Kommentar Trumps,Was auch ohne,,politik,285
verzerrt auch die,Von Saskia Trebing,,debatte,293
Lateinamerika Themen Gesundheit,Menschenrechte Migration Innovation,,,297
Bundestagswahl Nahostkonflikt Ukrainekrieg,Politik Ausland Panorama,,krise,298
Merkliste hinzufügen Unicef-Analyse,legen Schulen weltweit,,krisen,298
waren 2024 von,Schulschließungen betroffen –,,bedingten,298
Bloomberg will für,aufkommen Zur Merkliste,US,zahlungen,298
Menü Wissenschaft aufklappen,Mensch Natur Technik,,krise,298
CO₂-Zertifikate helfen dem,kaum Sind Klimaschutzzertifikate,,,301
Klima kaum Sind,nur eine Art,,schutzzertifikate,301
Ablasshandel bringt dem,so gut wie,,,301
Crime RESSORTS Gesellschaft,& Nachhaltigkeit Alle,,,302
Startseite Wissen Gesundheit,& Umwelt Forschung,,,303
Millionen Kinder betroffen,schränkt Schulbildung weltweit,,wandel,303
weltweit ein Der,hat zunehmend Einfluss,,wandel,303
Wetterthema Quanten und,Welche Rolle spielen,,,303
Ukraine-Krieg Ausland Unicef:,legt Schulen weltweit,,wandel,304
die sich der,stellen. Und gemeinsam,,krise,308
Psychologie Natur Technik,Digital Künstliche Intelligenz,,wandel,309
denken WEF-CEOs über,5 Interaktionen Artikel,,wandel,311
UNICEF schlÃ¤gt Alarm,legt Schulen in,,wandel,313
UNICEF schlÃ¤gt Alarm,legt Schulen in,,wandel,313
im Stanglwirt Arnies,mit Rekord von,,Auktion,313
Arnold Schwarzenegger im,Adabei Ãsterreich perfekter,,Red,313
so dringlichen Themen,und Bodenschutz â,,,313
in Zeiten der,und gegenÃ¼ber den,,krise,313
Studie: Fleischgiganten belasten,massiv Urlaub 2025,,,313
Reise Zeitgeist Die,des KURIER Analysen,,seiten,314
Dürre: Warum die,die Zukunft unserer,,krise,314
Ausland Was die,von Donald Trump,,Kurswende,314
Unternehmen weiterhin einen,erhalten? Faktencheck von,,bonus,315
Folgen für den,von Günter Pilch,,schutz,315
Nachhaltigkeit Nachhaltig leben,& Umwelt Vegetarisch,,,316
& vegan Das,und ich Energie,,,316
Themen Meinung Ernährung,& Umwelt Bayern,,,316
Nathalie Trappe 0,& Umwelt Riesiger,,,316
"""Weiter so"" trotz",meint Andreas Wilkens.,,wandels,319
Tobias Müller Kommentare,"Konflikte, Corona :",,,321
Commonwealth? Tagesspiegel Plus,auf dem Boden,,Superpflanze,321
räumen bei Berliner,ab In 20,,Wettbewerb,321
„Man wird die,wahrscheinlich nicht erreichen“,,schutzziele,321
Nacht“ dank Polizei.,in Brasilien Schlammige,,krise,322
Dea Ziemlich bester,Europas größter Öl-,,killer,322
Russland zurückziehen und,wirtschaften. Dabei gibt,,freundlich,322
inkl. unserer exklusiven,– zum Supersonderpreis,,sabotage,322
Gutmair Weinbau trotz,in Spanien Zu,,wandel,322
leiden unter der,Erträge und Qualität,,krise,322
"Thome, Anne Diekhoff",trifft Landwirtschaft Theorie,,schutz,322
Acker Statt die,"weiter zu verschärfen,",,krise,322
Zylbersztajn-Lewandowski Folgen der,Als die Tiere,,krise,322
verließen Getrieben vom,wandern Arten in,,wandel,322
Externen Inhalt erlauben,als Podcast –,,news,322
jede Woche neu,update° – die,,,322
– die wichtigsten,der Woche Was,,Nachrichten,322
Woche Was heißt,auf Arabisch? Ein,,krise,322
zu Zombies? Die,könnte zu 250.000,,krise,322
inkl. unserer exklusiven,– zum Supersonderpreis,,sabotage,322
Zuhören Kleberin fürs,Carla Hinrichs über,,,322
Hinrichs über das,Protest und Richter,,,322
taz. Podcasts taz-Podcast,update°“ Die Klima-News,„,,322
„klima update°“ Die,der Woche 2022,,News,322
Länder sollen nach,Schuldenpausen bekommen. Katharina,,katastrophen,322
die Welt? taz-Podcast,update°“ Die Klima-News,„,,322
„klima update°“ Die,der Woche Das,,News,322
Straßenverkehrsgesetz wird etwas,Europa heizt sich,,freundlicher,322
Schweiz stimmt für,"Susanne Schwarz, Verena",,neutralität,322
inkl. unserer exklusiven,– zum Supersonderpreis,,sabotage,322
zahl ich .,Das Abo. 6,,sabotage,322
neue Gesetze zum,"zu kippen, zu",,schutz,322
Diese Saboteure des,stammen aus der,,schutzes,322
bis zur nächsten,COP28 in Dubai,,konferenz,322
Sie jetzt unser,taz Themen Politik,,sabotage,322
Millionäre? Ärger um,Polizei Hamburg Leiche,,schutz,323
sie ihre Heizinfrastruktur,umbauen wollen. Das,,neutral,323
"Autarkie Ob Spekulationsblase,",oder Krieg: Meist,,schutz,324
Service Garten dem,anpassen Diese Pflanzen,,,324
Artikel Angstforscher über,„Man schürt bei,,aktivismus,324
Besonders in der,warnt er vor,,debatte,324
Jetzt soll der,auch noch für,,wandel,324
Paket mit der,ausgeliefert wird. Doch,,panik,324
dem Weg zur,Tausende Arbeitsplätze verloren,,neutralität,324
nun ihre Bedenken.,in Stuttgart Bei,,protest,326
sich die Wut,auf den Straßen,,kleber,326
sie ihre Heizinfrastruktur,umbauen wollen. Das,,neutral,326
im Zuge des,wachsen die Risiken.,,wandels,326
beklagen den mangelnden,Arbeit London kippt,,schutz,326
"rund um Nachhaltigkeit,",und Energiewende Mehr…,,,328
Effizienz steigern. Mehr…,Streit um Wasser:,,wandel,328
werden sich die,nicht effizient erreichen,,ziele,328
gilt dabei als,Standardlösung. Wir helfen,,neutrale,328
ihre Liebe fürs,Telebörse 30.06.2023 18:59,,,329
Content Briefpost und,Wie mit hybrider,,schutz,331
er bescheiden bleibt.,in Stuttgart Bei,,protest,336
sich die Wut,auf den Straßen,,kleber,336
Drews. Themenwelten Campingausrüstung,im Wohnwagen: Kühlen,,anlage,336
Jahreszeit kann eine,im Wohnwagen den,,anlage,336
man die richtige,welche Arten gibt,,anlage,336
Strom verbraucht eine,im Wohnwagen? Sommerrodeln,,anlage,336
"Programmvorschau auf Menschenrechte,",und Cash Am,,,338
"Programmvorschau auf Menschenrechte,",und Cash weiterlesen,,,338
Lateinamerika Themen Gesundheit,Menschenrechte Migration Innovation,,,344
bald ähnlich ergehen.,vor 18 Stunden,,,344
der Hitze gestorben.,30.06.2023 30. Juni,,,344
in der Ukraine,Politik Ausland Panorama,,krise,345
Menü Wissenschaft aufklappen,Mensch Natur Technik,,krise,345
"Merkliste hinzufügen Ukrainekrieg,",Inflation Die ver₩höhnte,,krise,345
"Zorn-Zone 2 Ukrainekrieg,",Inflation: Die ver₩höhnte,,krise,345
stern PLUS Gesellschaft,& Nachhaltigkeit Alle,,,349
Letzte Generation dem,Ein Aktivist streitet,,schutz,349
den Kriminalfällen 13.09.2019,& Nachhaltigkeit Beunruhigendes,,,349
ESG-Analyse Unternehmen nutzen,um sich selbst,,schutz,349
Gäste – möglichst,– feiern 15,,verträglich,349
gefährlichster Panzerkiller 23.06.2023,Forscher besorgt: Der,,wandel,349
Forscher besorgt: Der,lässt Fische schrumpfen,,wandel,349
Startseite Startseite Ukraine,Inland Ausland Wirtschaft,,,350
Startseite Wissen Gesundheit,& Umwelt Forschung,,,350
Kritik am Heizungsgesetz,könnten verfehlt werden,,schutzziele,350
sehen aber die,gefährdet. mehr faq,,schutzziele,350
Kritik am Heizungsgesetz,könnten verfehlt werden,,schutzziele,350
Wetterthema Kann das,kippen? Gesamtes Wetterangebot,,,350
Stuttgart & Region,in Stuttgart: Letzte,,Protest,351
Stuttgart & Region,in Stuttgart: Letzte,,Protest,351
Stuttgart & Region,in Stuttgart: Letzte,,Protest,351
sie ihre Heizinfrastruktur,umbauen wollen. Das,,neutral,354
von Julian Heißler,"Herr Habeck, nehmen",,schutzprogramm,354
Problem mit den,"Stefan Innerhofer, Geschäftsführender",,kammern,354
Problem mit den,und wie er,,kammern,354
Was zu kleinteiliger,mit einer zu,,schutz,354
Alcemy will Beton,machen. Was Anja,,freundlicher,354
oberflächlicher Gründer das,"rettet, dann ist",,,354
Wald Natur &,Natur & Klima,,,356
Klima Natur &,News Projekte &,,,356
Alpen Wir fürs,Wir fürs Klima,,,356
Klima Wir fürs,Klimaschutz im DAV,,,356
Wir fürs Klima,im DAV Alpen,,schutz,356
DAV Alpen &,Mach's einfach Klimalehrpfad,,schutz,356
Klimaschutz Mach's einfach,Mobilität Alpine Raumordnung,,lehrpfad,356
im Zeichen des,Bergpodcast Folge 45,,wandels,356
erfahren Mehr Staufenüberschreitung,"Video ""Sommer meines",,freundlich,356
119 23 Als,"das Feld stürmen,",,protestler,357
an Antwort auf,«Ich bedaure die,,kleber,358
Umwelt-Mythen im Fakten-Check,E-Auto-Batterie? Wein Zu,,killer,358
Cristina Spanò Die,ist hier. Die,,krise,359
Was tun? Das,der Republik ist,,labor,359
Journalismus in der,wirklich weiter? Zum,,krise,359
wirklich weiter? Zum,Wir sind Ihr,,labor,359
Psychologie Natur Technik,Digital Panorama Leute,,wandel,360
of watson Romandie,Grüne Dumm gelaufen,,,361
of watson Romandie,Grüne Dumm gelaufen,,,361
Keine Steine auf,werfen! Halleluja-Kolumne Mexiko-Flug:,,Voegtli,362
Keine Steine auf,werfen! Ratschlag 3,,Voegtli,362
der Finanzierung der,Gastbeitrag Kampus: «Schluss,,krise,362
der Finanzierung der,Lebensverändernd Meditation: Das,,krise,362
in Flachgauer Gemeinden,Warum ihre StÃ¶raktionen,,kleber,364
Reisen & Urlaub,"Deals, Infos, Service",,,364
Politik Innenpolitik Außenpolitik,Iran Weltchronik Chronik,,,365
Politik Innenpolitik Außenpolitik,Iran Weltchronik Chronik,,,365
Shopping Wetter Rap,& Umwelt Musik,,,367
Nachhaltigkeit Nachhaltig leben,& Umwelt Gute,,,367
& vegan Das,und ich Energie,,,367
von Philipp Löpfe,& Umwelt Wetter,,,367
Andreoli Gute Nachricht,Garten: König Charles',,freundlicher,367
SchülerInnen ZEIT für,ZEIT Studio Podcasts,,,369
"schrumpfen, um den",zu stoppen. Dabei,,wandel,369
Grünheide : Wie,ist Tesla? Tesla,,freundlich,369
weil sie zum,beitragen werde. Aber,,schutz,369
KI Energie &,Gesundheit & E-Health,,,372
KI Energie &,Gesundheit & E-Health,,,372
"""Wir müssen die",endlich als Krise,,krise,372
gibt Tipps Update,in der Hauptstadt,,schutz,372
senken. mehr Mehr,ab 2023: Berlin,,schutz,372
„Seniorenförderclub“ im Zwielicht,in der Hauptstadt:,,schutz,372
"""Wir müssen die",endlich als Krise,,krise,372
gut für den,Der aber steckt,,schutz,373
Produktivität im Agrarwesen,gefährdet Ackerhelden Der,,krise,373
Öko-Auflagen knüpfen. Der,belastet die Branche,,wandel,373
Nachbarländer. Martin Fritz,trifft Luisa Neubauer:,,taz,373
Neubauer: Drei Jahre,in 15 Fragen,,aktivismus,373
Freund*innen der taz.,Fridays For Future,,wandel,373
Eisschmelze Soziologin über,„Verbote sind nicht,,bewusstsein,373
unpopulär“ Damit Bür­ge­r:in­nen,"akzeptieren, darf er",,schutz,373
ernst mit dem,Hamburg Obdachlose sollen,,schutz,374
Zweck. Tobias Kaiser,und Rendite Weltrettung,,schutz,375
perfekten Mix aus,und Rendite bekommen.,,schutz,375
der Konzern seine,zehn Jahre früher,,ziele,375
Konferenz „Wasser und,in Leipzig dfi,,wandel,376
08:41 Schlüssel zur,Wissenschaftler empfehlen Differenzverträge,,neutralität,381
"rund um Nachhaltigkeit,",und Energiewende. Mehr…,,,381
Industrie Schlüssel zur,Wissenschaftler empfehlen Differenzverträge,,neutralität,381
die Umstellung auf,Technologien zu ermöglichen.,,neutrale,381
Stuttgart CDU Baden-Württemberg,"Grün, grüner, Südwest-CDU?",,schutz,383
Der Schwenk zum,hat auch Risiken,,schutz,383
Schweiz verfehlt das,Die CO2-Emissionen in,,ziel,386
gesunken. CO2-Emissionen Die,des Bundes geht,,strategie,386
51:27 Video: Die,– Plus chauds,,jugend,386
SPIEGEL+ Magazine Coronavirus,Politik Ausland Panorama,,krise,398
Menü Wissenschaft aufklappen,Mensch Natur Technik,,krise,398
als platzraubend und,gelten. Doch wo,,schädlich,398
Stokowski Sascha Lobo,alle Beiträge Neues,,krise,398
Finanzunternehmen müssen über,aufklären Wie umweltschädlich,,risiken,398
einen neuen Weg.,in Frankreich Abgeordnete,,schutz,398
Regel gefordert. Der,- Daten zur,,bericht,398
Bafin Brandbrief vor,50 CEOs fordern,,konferenz,401
fordern Verschärfung der,Ausfuhren: Chinas Exporte,US,ziele,401
Versicherung Immobilien Job,& Nachhaltigkeit Produkte,,,402
Vor 1 Stunde,und Nachhaltigkeit Zoonosen,,,402
China Letzte Hoffnung,Der US-Klimaschutzbeauftragte Kerry,,schutz,403
Hoffnung Klimaschutz Der,Kerry reist heute,US,schutzbeauftragte,403
soll den Ausstoß,Gase schneller drosseln.,,schädlicher,403
schneller drosseln. Beim,arbeiten beide Mächte,,schutz,403
KKK im Rems-Murr-Kreis,Wohnungsnot Tiny House,,krise,404
100 Sekunden Mieses,Die Woche Newsletter,,,404
KKK im Rems-Murr-Kreis,Wohnungsnot Tiny House,,krise,404
100 Sekunden Mieses,Die Woche Newsletter,,,404
CO2-Grenzausgleich könnte die,effektiver machen. Doch,,politik,407
die Volksrepublik ihre,erreichen. Indien und,,ziele,407
Alpen Nachhaltigkeit und,Nachhaltigkeit und Klimaschutz,,schutz,409
Klimaschutz Nachhaltigkeit und,Ausstellung Klimawandel Klimaschutz,,schutz,409
und Klimaschutz Ausstellung,Klimaschutz Bergsport &,,wandel,409
Klimaschutz Ausstellung Klimawandel,Bergsport & Klimaschutz,,schutz,409
Klimaschutz Bergsport &,Mach's einfach Mobilität,,schutz,409
Arten an neue,gewöhnen und nicht,,bedingungen,409
"Gletscher, Naturgefahren und",Interview mit dem,,wandel,409
Interview mit dem,Tobias Hipp Mehr,DAV,experten,409
Alpenverein gesprochen. Der,ist studierter Physischer,,experte,409
die Auswirkungen des,auf den alpinen,,wandels,409
